<?xml version="1.0" encoding="utf-8" ?>
<Defs>

  <ResearchProjectDef>
    <defName>GeneticEngineering</defName>
    <label>genetic engineering</label>
    <tab>GeneticReseach</tab>
    <techLevel>Industrial</techLevel>
    <description>Research the basics of genetic engineering.</description>
    <baseCost>1200</baseCost>
    <prerequisites>
      <li>Electricity</li>
    </prerequisites>
    
		<researchViewX>0</researchViewX>
		<researchViewY>0</researchViewY>
  </ResearchProjectDef>

  <ResearchProjectDef>
    <defName>AdvancedGeneticEngineering</defName>
    <label>advanced genetic engineering</label>
    <tab>GeneticReseach</tab>
    <techLevel>Spacer</techLevel>
    <description>Unlocks the Advanced Gene Pod, and allows mixing of advanced creature genes.</description>
    <baseCost>2500</baseCost>
    <prerequisites>
        <li>GeneticEngineering</li>
    </prerequisites>
    <requiredResearchBuilding>HiTechResearchBench</requiredResearchBuilding>
    <requiredResearchFacilities>
      <li>MultiAnalyzer</li>
    </requiredResearchFacilities>
    <researchViewX>0</researchViewX>
    <researchViewY>1</researchViewY>
  </ResearchProjectDef>


</Defs>