﻿<?xml version="1.0" encoding="utf-8" ?>
<WorkGivers>

 

	<WorkGiverDef>
		<defName>DoBillsGenetics</defName>
		<label>works at genetics table</label>
		<giverClass>WorkGiver_DoBill</giverClass>
		<workType>Crafting</workType>
		<priorityInType>100</priorityInType>
		<fixedBillGiverDefs>
			<li>GeneticExtractionTable</li>
		</fixedBillGiverDefs>
		<verb>extract genetic materials</verb>
		<gerund>extracting genetic material at</gerund>
		<requiredCapacities>
			<li>Manipulation</li>
		</requiredCapacities>
		<prioritizeSustains>true</prioritizeSustains>
	</WorkGiverDef>
	
	<WorkGiverDef>
		<defName>DoBillsGenePod</defName>
		<label>works at genepod</label>
		<giverClass>WorkGiver_DoBill</giverClass>
		<workType>Crafting</workType>
		<priorityInType>100</priorityInType>
		<fixedBillGiverDefs>
			<li>GenePod</li>
		</fixedBillGiverDefs>
		<verb>combining genetic materials</verb>
		<gerund>combining genetic material at</gerund>
		<requiredCapacities>
			<li>Manipulation</li>
		</requiredCapacities>
		<prioritizeSustains>true</prioritizeSustains>
	</WorkGiverDef>
	
	<WorkGiverDef>
		<defName>DoBillsAdvancedGenePod</defName>
		<label>works at advanced genepod</label>
		<giverClass>WorkGiver_DoBill</giverClass>
		<workType>Crafting</workType>
		<priorityInType>100</priorityInType>
		<fixedBillGiverDefs>
			<li>AdvancedGenePod</li>
		</fixedBillGiverDefs>
		<verb>combining genetic materials</verb>
		<gerund>combining genetic material at</gerund>
		<requiredCapacities>
			<li>Manipulation</li>
		</requiredCapacities>
		<prioritizeSustains>true</prioritizeSustains>
	</WorkGiverDef>
	
	<WorkGiverDef>
		<defName>DoBillsPulper</defName>
		<label>works at wood pulper</label>
		<giverClass>WorkGiver_DoBill</giverClass>
		<workType>Crafting</workType>
		<priorityInType>100</priorityInType>
		<fixedBillGiverDefs>
			<li>Pulper</li>
		</fixedBillGiverDefs>
		<verb>pulping wood</verb>
		<gerund>pulping wood at</gerund>
		<requiredCapacities>
			<li>Manipulation</li>
		</requiredCapacities>
		<prioritizeSustains>true</prioritizeSustains>
	</WorkGiverDef>



</WorkGivers>