﻿<?xml version="1.0" encoding="utf-8" ?>
<ThingDefs>

 

  <!--=================== Fluids etc =================-->

  <ThingDef ParentName="BaseFilth">
    <defName>FilthMucus</defName>
    <label>mucus</label>
    <statBases>
      <Beauty>-30</Beauty>
      <Cleanliness>-10</Cleanliness>
    </statBases>
    <graphicData>
      <texPath>Things/Filth/PoolSoft</texPath>
      <color>(218, 136, 132, 180)</color>
    </graphicData>
    <filth>
      <rainWashes>true</rainWashes>
      <cleaningWorkToReduceThickness>70</cleaningWorkToReduceThickness>
      <canFilthAttach>true</canFilthAttach>
    </filth>
  </ThingDef>

 
  


</ThingDefs>