﻿<?xml version="1.0" encoding="utf-8" ?>
<ThingDefs>



  <ThingDef ParentName="BaseGas">
    <defName>Gas_Ice</defName>
    <label>ice crystals</label>
    <graphicData>
      <texPath>Things/Gas/IceCrystals</texPath>
      <drawSize>2.2</drawSize>
      <color>(1.0,1.0,1.0,0.1)</color>
    </graphicData>
    <gas>
      <expireSeconds>
        <min>29</min>
        <max>31</max>
      </expireSeconds>
      <blockTurretTracking>false</blockTurretTracking>
      <accuracyPenalty>0.9</accuracyPenalty>
      <rotationSpeed>10</rotationSpeed>
    </gas>
  </ThingDef>
    
</ThingDefs>