﻿<?xml version="1.0" encoding="utf-8" ?>
<Defs>
    
  <!-- Aberrant Fleshbeast -->
  <ThingDef ParentName="AnimalThingBase">
    <defName>AberrantFleshbeast</defName>
    <label>aberrant fleshbeast</label>
    <description>Something went terribly wrong. This wretched creature is struggling to keep breathing.</description>
    <statBases>
      <MoveSpeed>1.0</MoveSpeed>
      <ComfyTemperatureMin>0</ComfyTemperatureMin>
      <MarketValue>10</MarketValue>
	  <LeatherAmount>0</LeatherAmount>
	  <MeatAmount>0</MeatAmount>
    </statBases>
    <verbs>
      
      <li>
        <verbClass>Verb_MeleeAttack</verbClass>
        <defaultCooldownTime>1.0</defaultCooldownTime>
        <meleeDamageBaseAmount>2</meleeDamageBaseAmount>
        <meleeDamageDef>Bite</meleeDamageDef>
        <linkedBodyPartsGroup>Mouth</linkedBodyPartsGroup>
       
      </li>
	
    </verbs>
	<tickerType>Normal</tickerType>
	<comps>
      <li Class="NewHatcher.CompProperties_AberrantMucus">
      
      </li>
    </comps>
    <race>
	  <needsRest>false</needsRest>
      <hasGenders>false</hasGenders>
	  <body>Snake</body>	  
      <wildness>0.20</wildness>
      <baseBodySize>5</baseBodySize>
      <baseHealthScale>13</baseHealthScale>
      <lifeExpectancy>0.5</lifeExpectancy>
      <gestationPeriodDays>100</gestationPeriodDays>
      <manhunterOnTameFailChance>0.2</manhunterOnTameFailChance>
      <manhunterOnDamageChance>1</manhunterOnDamageChance>
	  <foodType>VegetarianRoughAnimal</foodType>
      <trainableIntelligence>Intermediate</trainableIntelligence>
	  <lifeStageAges>
        <li>
          <def>EusocialInsectLarva</def>
          <minAge>0</minAge>
        </li>
        <li>
          <def>EusocialInsectJuvenile</def>
          <minAge>0.03</minAge>
        </li>
        <li>
          <def>EusocialInsectAdult</def>
          <minAge>0.1</minAge>
          <soundWounded>Pawn_Megascarab_Wounded</soundWounded>
          <soundDeath>Pawn_Megascarab_Death</soundDeath>
          <soundCall>Pawn_Megascarab_Call</soundCall>
          <soundAngry>Pawn_Megascarab_Angry</soundAngry>
        </li>
      </lifeStageAges>
      <soundMeleeHitPawn>Pawn_Melee_SmallScratch_HitPawn</soundMeleeHitPawn>
      <soundMeleeHitBuilding>Pawn_Melee_SmallScratch_HitBuilding</soundMeleeHitBuilding>
      <soundMeleeMiss>Pawn_Melee_SmallScratch_Miss</soundMeleeMiss>
    </race>
  </ThingDef>
  <PawnKindDef ParentName="AnimalKindBase">
  
    <defName>AberrantFleshbeast</defName>
    <label>aberrant fleshbeast</label>
    <race>AberrantFleshbeast</race>
    <combatPower>50</combatPower>
    <canArriveManhunter>false</canArriveManhunter>
    <wildSpawn_spawnWild>false</wildSpawn_spawnWild>
    <lifeStages>
      <li>
        <bodyGraphicData>
          <texPath>Things/Pawn/Animal/AberrantFleshbeast/Fleshbeast</texPath>
          <drawSize>3.0</drawSize>
          <shadowData>
            <volume>(0.8, 0.6, 0.6)</volume>
            <offset>(0,0,-0.3)</offset>
          </shadowData>
        </bodyGraphicData>
        <dessicatedBodyGraphicData>
          <texPath>Things/Pawn/Animal/Muffalo/MuffaloDessicated</texPath>
          <drawSize>2.0</drawSize>
        </dessicatedBodyGraphicData>
      </li>
      <li>
        <bodyGraphicData>
          <texPath>Things/Pawn/Animal/AberrantFleshbeast/Fleshbeast</texPath>
          <drawSize>3.0</drawSize>
          <shadowData>
            <volume>(0.8, 0.6, 0.6)</volume>
            <offset>(0,0,-0.3)</offset>
          </shadowData>
        </bodyGraphicData>
        <dessicatedBodyGraphicData>
          <texPath>Things/Pawn/Animal/Muffalo/MuffaloDessicated</texPath>
          <drawSize>2.0</drawSize>
        </dessicatedBodyGraphicData>
      </li>
      <li>
        <bodyGraphicData>
          <texPath>Things/Pawn/Animal/AberrantFleshbeast/Fleshbeast</texPath>
          <drawSize>3.0</drawSize>
          <shadowData>
            <volume>(0.8, 0.6, 0.6)</volume>
            <offset>(0,0,-0.3)</offset>
          </shadowData>
        </bodyGraphicData>
        <dessicatedBodyGraphicData>
          <texPath>Things/Pawn/Animal/Muffalo/MuffaloDessicated</texPath>
          <drawSize>2.0</drawSize>
        </dessicatedBodyGraphicData>
      </li>
    </lifeStages>
  </PawnKindDef>

  
  
  </Defs>