﻿<?xml version="1.0" encoding="utf-8" ?>
<Defs>
  <!-- Chicken - Bear -->
  <ThingDef ParentName="AnimalThingBase">
    <defName>Chickenbear</defName>
    <label>chickenbear</label>
    <description>A chicken / bear hybrid. Lays eggs, and can defend itself in combat slightly better than a chicken</description>
    <statBases>
      <MoveSpeed>1.8</MoveSpeed>
      <ComfyTemperatureMin>-10</ComfyTemperatureMin>
      <MarketValue>115</MarketValue>
      <LeatherAmount>0</LeatherAmount>
    </statBases>
    <verbs>
      <li>
        <verbClass>Verb_MeleeAttack</verbClass>
        <defaultCooldownTime>1.65</defaultCooldownTime>
        <meleeDamageBaseAmount>7</meleeDamageBaseAmount>
        <meleeDamageDef>Bite</meleeDamageDef>
        <linkedBodyPartsGroup>Teeth</linkedBodyPartsGroup>
      </li>
      <li>
        <verbClass>Verb_MeleeAttack</verbClass>
        <defaultCooldownTime>1.65</defaultCooldownTime>
        <meleeDamageBaseAmount>1</meleeDamageBaseAmount>
        <meleeDamageDef>Blunt</meleeDamageDef>
        <commonality>0.01</commonality>
        <linkedBodyPartsGroup>HeadAttackTool</linkedBodyPartsGroup>
      </li>
    </verbs>
    <comps>
      <li Class="CompProperties_EggLayer">
        <eggUnfertilizedDef>ChickenbearEggUnfertilized</eggUnfertilizedDef>
        <eggFertilizedDef>ChickenbearEggFertilized</eggFertilizedDef>
        <eggFertilizationCountMax>1</eggFertilizationCountMax>
        <eggLayIntervalDays>1.9</eggLayIntervalDays>
        <eggCountRange>1</eggCountRange>
      </li>
    </comps>
    <race>
      <body>BirdWithTeeth</body>
      <baseHungerRate>0.45</baseHungerRate>
      <baseBodySize>0.25</baseBodySize>
      <baseHealthScale>0.5</baseHealthScale>
      <foodType>VegetarianRoughAnimal</foodType>
      <trainableIntelligence>None</trainableIntelligence>
      <wildness>0</wildness>
      <gestationPeriodDays>8</gestationPeriodDays>
      <mateMtbHours>9</mateMtbHours>
      <litterSizeCurve>
        <points>
          <li>(0.99, 0)</li>
          <li>(1, 1)</li>
          <li>(1.01, 0)</li>
        </points>
      </litterSizeCurve>
      <lifeExpectancy>8</lifeExpectancy>
      <lifeStageAges>
        <li>
          <def>AnimalBabyTiny</def>
          <minAge>0</minAge>
					<soundWounded>Pawn_Chick_Call</soundWounded>
					<soundDeath>Pawn_Chick_Call</soundDeath>
					<soundCall>Pawn_Chick_Call</soundCall>
					<soundAngry>Pawn_Chick_Call</soundAngry>
        </li>
        <li>
          <def>AnimalJuvenile</def>
          <minAge>0.12</minAge>
        </li>
        <li>
          <def>AnimalAdult</def>
          <minAge>0.3</minAge>
          <soundWounded>Pawn_Chicken_Wounded</soundWounded>
          <soundDeath>Pawn_Chicken_Death</soundDeath>
          <soundCall>Pawn_Chicken_Call</soundCall>
          <soundAngry>Pawn_Chicken_Angry</soundAngry>
        </li>
      </lifeStageAges>
      <soundMeleeHitPawn>Pawn_Melee_SmallScratch_HitPawn</soundMeleeHitPawn>
      <soundMeleeHitBuilding>Pawn_Melee_SmallScratch_HitBuilding</soundMeleeHitBuilding>
      <soundMeleeMiss>Pawn_Melee_SmallScratch_Miss</soundMeleeMiss>
    </race>
   
  </ThingDef>
  <PawnKindDef ParentName="AnimalKindBase">
  
    <defName>Chickenbear</defName>
    <label>chickenbear</label>
    <race>Chickenbear</race>
    <combatPower>28</combatPower>
    <canArriveManhunter>false</canArriveManhunter>
    <wildSpawn_spawnWild>false</wildSpawn_spawnWild>
    <labelMale>chickenbear rooster</labelMale>
    <labelFemale>chickenbear hen</labelFemale>
    <lifeStages>
      <li>
        <label>chickenbear chick</label>
        <bodyGraphicData>
          <texPath>Things/Pawn/Animal/Chicken/Chickenbear/Chickenbear</texPath>
          <drawSize>0.55</drawSize>
          <color>(223,219,108)</color>
        </bodyGraphicData>
        <dessicatedBodyGraphicData>
          <texPath>Things/Pawn/Animal/Dessicated/CritterDessicatedSmall</texPath>
          <drawSize>0.55</drawSize>
        </dessicatedBodyGraphicData>
      </li>
      <li>
        <labelMale>chickenbear cockerel</labelMale>
        <bodyGraphicData>
          <texPath>Things/Pawn/Animal/Chicken/Chickenbear/Chickenbear</texPath>
          <drawSize>0.85</drawSize>
          <color>(200,150,85)</color>
        </bodyGraphicData>
        <femaleGraphicData>
          <texPath>Things/Pawn/Animal/Chicken/Chickenbear/Chickenbear</texPath>
          <drawSize>0.83</drawSize>
        </femaleGraphicData>
        <dessicatedBodyGraphicData>
          <texPath>Things/Pawn/Animal/Dessicated/CritterDessicatedSmall</texPath>
          <drawSize>0.8</drawSize>
        </dessicatedBodyGraphicData>
      </li>
      <li>
        <bodyGraphicData>
          <texPath>Things/Pawn/Animal/Chicken/Chickenbear/Chickenbear</texPath>
          <drawSize>0.97</drawSize>
          <color>(200,150,85)</color>
          <shadowData>
            <volume>(0.3, 0.4, 0.3)</volume>
            <offset>(0,0,-0.05)</offset>
          </shadowData>
        </bodyGraphicData>
        <femaleGraphicData>
          <texPath>Things/Pawn/Animal/Chicken/Chickenbear/Chickenbear</texPath>
          <drawSize>0.95</drawSize>
        </femaleGraphicData>
        <dessicatedBodyGraphicData>
          <texPath>Things/Pawn/Animal/Dessicated/CritterDessicatedSmall</texPath>
          <drawSize>0.95</drawSize>
        </dessicatedBodyGraphicData>
      </li>
    </lifeStages>
  </PawnKindDef>
  
  <!-- Chicken - Boomalope -->
  <ThingDef ParentName="AnimalThingBase">
    <defName>Chickenlope</defName>
    <label>chickenlope</label>
    <description>A chicken / boomalope hybrid. Lays eggs, and explodes on death!</description>
    <statBases>
      <MoveSpeed>2.15</MoveSpeed>
      <ComfyTemperatureMin>-15</ComfyTemperatureMin>
      <MarketValue>95</MarketValue>
      <LeatherAmount>0</LeatherAmount>
    </statBases>
    <verbs>
      <li>
        <verbClass>Verb_MeleeAttack</verbClass>
        <defaultCooldownTime>1.65</defaultCooldownTime>
        <meleeDamageBaseAmount>6</meleeDamageBaseAmount>
        <meleeDamageDef>Bite</meleeDamageDef>
        <linkedBodyPartsGroup>Beak</linkedBodyPartsGroup>
      </li>
      <li>
        <verbClass>Verb_MeleeAttack</verbClass>
        <defaultCooldownTime>1.65</defaultCooldownTime>
        <meleeDamageBaseAmount>1</meleeDamageBaseAmount>
        <meleeDamageDef>Blunt</meleeDamageDef>
        <commonality>0.01</commonality>
        <linkedBodyPartsGroup>HeadAttackTool</linkedBodyPartsGroup>
      </li>
    </verbs>
    <comps>
      <li Class="CompProperties_EggLayer">
        <eggUnfertilizedDef>ChickenlopeEggUnfertilized</eggUnfertilizedDef>
        <eggFertilizedDef>ChickenlopeEggFertilized</eggFertilizedDef>
        <eggFertilizationCountMax>1</eggFertilizationCountMax>
        <eggLayIntervalDays>2</eggLayIntervalDays>
        <eggCountRange>1</eggCountRange>
      </li>
    </comps>
    <race>
      <body>Bird</body>
	  <deathActionWorkerClass>DeathActionWorker_SmallExplosion</deathActionWorkerClass>
      <executionRange>4</executionRange>
      <baseHungerRate>0.35</baseHungerRate>
      <baseBodySize>0.18</baseBodySize>
      <baseHealthScale>0.25</baseHealthScale>
      <foodType>VegetarianRoughAnimal</foodType>
      <trainableIntelligence>None</trainableIntelligence>
      <wildness>0</wildness>
      <gestationPeriodDays>9</gestationPeriodDays>
      <mateMtbHours>8</mateMtbHours>
      <litterSizeCurve>
        <points>
          <li>(0.99, 0)</li>
          <li>(1, 1)</li>
          <li>(1.01, 0)</li>
        </points>
      </litterSizeCurve>
      <lifeExpectancy>6</lifeExpectancy>
      <lifeStageAges>
        <li>
          <def>AnimalBabyTiny</def>
          <minAge>0</minAge>
					<soundWounded>Pawn_Chick_Call</soundWounded>
					<soundDeath>Pawn_Chick_Call</soundDeath>
					<soundCall>Pawn_Chick_Call</soundCall>
					<soundAngry>Pawn_Chick_Call</soundAngry>
        </li>
        <li>
          <def>AnimalJuvenile</def>
          <minAge>0.12</minAge>
        </li>
        <li>
          <def>AnimalAdult</def>
          <minAge>0.3</minAge>
          <soundWounded>Pawn_Chicken_Wounded</soundWounded>
          <soundDeath>Pawn_Chicken_Death</soundDeath>
          <soundCall>Pawn_Chicken_Call</soundCall>
          <soundAngry>Pawn_Chicken_Angry</soundAngry>
        </li>
      </lifeStageAges>
      <soundMeleeHitPawn>Pawn_Melee_SmallScratch_HitPawn</soundMeleeHitPawn>
      <soundMeleeHitBuilding>Pawn_Melee_SmallScratch_HitBuilding</soundMeleeHitBuilding>
      <soundMeleeMiss>Pawn_Melee_SmallScratch_Miss</soundMeleeMiss>
    </race>
    
  </ThingDef>
  <PawnKindDef ParentName="AnimalKindBase">
    <defName>Chickenlope</defName>
    <label>chickenlope</label>
    <race>Chickenlope</race>
    <combatPower>24</combatPower>
	<canArriveManhunter>false</canArriveManhunter>
    <wildSpawn_spawnWild>false</wildSpawn_spawnWild>
    <labelMale>chickenlope rooster</labelMale>
    <labelFemale>chickenlope hen</labelFemale>
    <lifeStages>
      <li>
        <label>chickenlope chick</label>
        <bodyGraphicData>
          <texPath>Things/Pawn/Animal/Chicken/Chickenlope/Chickenlope</texPath>
          <drawSize>0.45</drawSize>
          <color>(223,219,108)</color>
        </bodyGraphicData>
        <dessicatedBodyGraphicData>
          <texPath>Things/Pawn/Animal/Dessicated/CritterDessicatedSmall</texPath>
          <drawSize>0.45</drawSize>
        </dessicatedBodyGraphicData>
      </li>
      <li>
        <labelMale>chickenlope cockerel</labelMale>
        <bodyGraphicData>
          <texPath>Things/Pawn/Animal/Chicken/Chickenlope/Chickenlope</texPath>
          <drawSize>0.75</drawSize>
          <color>(200,150,85)</color>
        </bodyGraphicData>
        <femaleGraphicData>
          <texPath>Things/Pawn/Animal/Chicken/Chickenlope/Chickenlope</texPath>
          <drawSize>0.73</drawSize>
        </femaleGraphicData>
        <dessicatedBodyGraphicData>
          <texPath>Things/Pawn/Animal/Dessicated/CritterDessicatedSmall</texPath>
          <drawSize>0.7</drawSize>
        </dessicatedBodyGraphicData>
      </li>
      <li>
        <bodyGraphicData>
          <texPath>Things/Pawn/Animal/Chicken/Chickenlope/Chickenlope</texPath>
          <drawSize>0.87</drawSize>
          <color>(200,150,85)</color>
          <shadowData>
            <volume>(0.3, 0.4, 0.3)</volume>
            <offset>(0,0,-0.05)</offset>
          </shadowData>
        </bodyGraphicData>
        <femaleGraphicData>
          <texPath>Things/Pawn/Animal/Chicken/Chickenlope/Chickenlope</texPath>
          <drawSize>0.85</drawSize>
        </femaleGraphicData>
        <dessicatedBodyGraphicData>
          <texPath>Things/Pawn/Animal/Dessicated/CritterDessicatedSmall</texPath>
          <drawSize>0.85</drawSize>
        </dessicatedBodyGraphicData>
      </li>
    </lifeStages>
  </PawnKindDef>
  
  <!-- Chicken - Muffalo -->
  <ThingDef ParentName="AnimalThingBase">
    <defName>Chickenffalo</defName>
    <label>chickenffalo</label>
    <description>A chicken / muffalo hybrid. Lays eggs, produces milk, wool and can be used as a pack beast. Of course, it doesn't excel at ANY of those things, but it's the price you pay for convenience. They are so cute, though, wearing their tiny bags...</description>
    <statBases>
      <MoveSpeed>3.1</MoveSpeed>
      <ComfyTemperatureMin>-50</ComfyTemperatureMin>
      <MarketValue>175</MarketValue>
      <LeatherAmount>0</LeatherAmount>
    </statBases>
    <verbs>
      
      <li>
        <verbClass>Verb_MeleeAttack</verbClass>
        <defaultCooldownTime>1.65</defaultCooldownTime>
        <meleeDamageBaseAmount>4</meleeDamageBaseAmount>
        <meleeDamageDef>Blunt</meleeDamageDef>
        <commonality>0.01</commonality>
        <linkedBodyPartsGroup>HeadAttackTool</linkedBodyPartsGroup>
      </li>
    </verbs>
    <comps>
	  <li Class="CompProperties_Milkable">
        <milkDef>Milk</milkDef>
        <milkIntervalDays>2</milkIntervalDays>
        <milkAmount>2</milkAmount>
      </li>
      <li Class="CompProperties_Shearable">
	  
        <woolDef>WoolMuffalo</woolDef>
        <shearIntervalDays>25</shearIntervalDays>
        <woolAmount>5</woolAmount>
      </li>
      <li Class="CompProperties_EggLayer">
        <eggUnfertilizedDef>ChickenffaloEggUnfertilized</eggUnfertilizedDef>
        <eggFertilizedDef>ChickenffaloEggUnfertilized</eggFertilizedDef>
        <eggFertilizationCountMax>1</eggFertilizationCountMax>
        <eggLayIntervalDays>10</eggLayIntervalDays>
        <eggCountRange>1</eggCountRange>
      </li>

    </comps>
    <race>
	  <herdAnimal>true</herdAnimal>
	  <packAnimal>true</packAnimal>
      <body>BirdWithTeeth</body>
      <baseHungerRate>0.55</baseHungerRate>
      <baseBodySize>0.2</baseBodySize>
      <baseHealthScale>0.45</baseHealthScale>
      <foodType>VegetarianRoughAnimal</foodType>
      <trainableIntelligence>None</trainableIntelligence>
      <wildness>0</wildness>
      <gestationPeriodDays>20</gestationPeriodDays>
      <mateMtbHours>8</mateMtbHours>
      <litterSizeCurve>
        <points>
          <li>(0.99, 0)</li>
          <li>(1, 1)</li>
          <li>(1.01, 0)</li>
        </points>
      </litterSizeCurve>
      <lifeExpectancy>6</lifeExpectancy>
      <lifeStageAges>
        <li>
          <def>AnimalBabyTiny</def>
          <minAge>0</minAge>
					<soundWounded>Pawn_Chick_Call</soundWounded>
					<soundDeath>Pawn_Chick_Call</soundDeath>
					<soundCall>Pawn_Chick_Call</soundCall>
					<soundAngry>Pawn_Chick_Call</soundAngry>
        </li>
        <li>
          <def>AnimalJuvenile</def>
          <minAge>0.12</minAge>
        </li>
        <li>
          <def>AnimalAdult</def>
          <minAge>0.3</minAge>
          <soundWounded>Pawn_Chicken_Wounded</soundWounded>
          <soundDeath>Pawn_Chicken_Death</soundDeath>
          <soundCall>Pawn_Chicken_Call</soundCall>
          <soundAngry>Pawn_Chicken_Angry</soundAngry>
        </li>
      </lifeStageAges>
      <soundMeleeHitPawn>Pawn_Melee_SmallScratch_HitPawn</soundMeleeHitPawn>
      <soundMeleeHitBuilding>Pawn_Melee_SmallScratch_HitBuilding</soundMeleeHitBuilding>
      <soundMeleeMiss>Pawn_Melee_SmallScratch_Miss</soundMeleeMiss>
    </race>
    
  </ThingDef>
  <PawnKindDef ParentName="AnimalKindBase">
    <defName>Chickenffalo</defName>
    <label>chickenffalo</label>
    <race>Chickenffalo</race>
    <combatPower>24</combatPower>
    <canArriveManhunter>false</canArriveManhunter>
    <wildSpawn_spawnWild>false</wildSpawn_spawnWild>
    <labelMale>chickenffalo rooster</labelMale>
    <labelFemale>chickenffalo hen</labelFemale>
    <lifeStages>
      <li>
        <label>chickenffalo chick</label>
        <bodyGraphicData>
          <texPath>Things/Pawn/Animal/Chicken/Chickenffalo/Chickenffalo</texPath>
          <drawSize>0.45</drawSize>
          <color>(223,219,108)</color>
        </bodyGraphicData>
        <dessicatedBodyGraphicData>
          <texPath>Things/Pawn/Animal/Dessicated/CritterDessicatedSmall</texPath>
          <drawSize>0.45</drawSize>
        </dessicatedBodyGraphicData>
      </li>
      <li>
        <labelMale>chickenffalo cockerel</labelMale>
        <bodyGraphicData>
          <texPath>Things/Pawn/Animal/Chicken/Chickenffalo/Chickenffalo</texPath>
          <drawSize>0.75</drawSize>
          <color>(200,150,85)</color>
        </bodyGraphicData>
        <femaleGraphicData>
          <texPath>Things/Pawn/Animal/Chicken/Chickenffalo/Chickenffalo</texPath>
          <drawSize>0.73</drawSize>
        </femaleGraphicData>
        <dessicatedBodyGraphicData>
          <texPath>Things/Pawn/Animal/Dessicated/CritterDessicatedSmall</texPath>
          <drawSize>0.7</drawSize>
        </dessicatedBodyGraphicData>
      </li>
      <li>
        <bodyGraphicData>
          <texPath>Things/Pawn/Animal/Chicken/Chickenffalo/Chickenffalo</texPath>
          <drawSize>0.87</drawSize>
          <color>(200,150,85)</color>
          <shadowData>
            <volume>(0.3, 0.4, 0.3)</volume>
            <offset>(0,0,-0.05)</offset>
          </shadowData>
        </bodyGraphicData>
        <femaleGraphicData>
          <texPath>Things/Pawn/Animal/Chicken/Chickenffalo/Chickenffalo</texPath>
          <drawSize>0.85</drawSize>
        </femaleGraphicData>
        <dessicatedBodyGraphicData>
          <texPath>Things/Pawn/Animal/Dessicated/CritterDessicatedSmall</texPath>
          <drawSize>0.85</drawSize>
        </dessicatedBodyGraphicData>
      </li>
    </lifeStages>
  </PawnKindDef>
  
  <!-- Chicken - Wolf -->
  <ThingDef ParentName="AnimalThingBase">
    <defName>Chickenwolf</defName>
    <label>chickenwolf</label>
    <description>A chicken / wolf hybrid. Fast moving, and with a nasty bite!</description>
    <statBases>
      <MoveSpeed>5.25</MoveSpeed>
      <ComfyTemperatureMin>-30</ComfyTemperatureMin>
      <MarketValue>150</MarketValue>
      <LeatherAmount>0</LeatherAmount>
    </statBases>
    <verbs>
      <li>
        <verbClass>Verb_MeleeAttack</verbClass>
        <defaultCooldownTime>0.5</defaultCooldownTime>
        <meleeDamageBaseAmount>3</meleeDamageBaseAmount>
        <meleeDamageDef>Bite</meleeDamageDef>
        <linkedBodyPartsGroup>Teeth</linkedBodyPartsGroup>
      </li>
      <li>
        <verbClass>Verb_MeleeAttack</verbClass>
        <defaultCooldownTime>1.65</defaultCooldownTime>
        <meleeDamageBaseAmount>1</meleeDamageBaseAmount>
        <meleeDamageDef>Blunt</meleeDamageDef>
        <commonality>0.01</commonality>
        <linkedBodyPartsGroup>HeadAttackTool</linkedBodyPartsGroup>
      </li>
    </verbs>
    <comps>
      <li Class="CompProperties_EggLayer">
        <eggUnfertilizedDef>ChickenwolfEggUnfertilized</eggUnfertilizedDef>
        <eggFertilizedDef>ChickenwolfEggFertilized</eggFertilizedDef>
        <eggFertilizationCountMax>1</eggFertilizationCountMax>
        <eggLayIntervalDays>3</eggLayIntervalDays>
        <eggCountRange>1</eggCountRange>
      </li>
    </comps>
    <race>
      <body>BirdWithTeeth</body>
      <baseHungerRate>0.8</baseHungerRate>
      <baseBodySize>0.2</baseBodySize>
      <baseHealthScale>0.45</baseHealthScale>
      <foodType>VegetarianRoughAnimal</foodType>
      <trainableIntelligence>None</trainableIntelligence>
      <wildness>0</wildness>
      <gestationPeriodDays>15</gestationPeriodDays>
      <mateMtbHours>8</mateMtbHours>
      <litterSizeCurve>
        <points>
          <li>(0.99, 0)</li>
          <li>(1, 1)</li>
          <li>(1.01, 0)</li>
        </points>
      </litterSizeCurve>
      <lifeExpectancy>7</lifeExpectancy>
      <lifeStageAges>
        <li>
          <def>AnimalBabyTiny</def>
          <minAge>0</minAge>
					<soundWounded>Pawn_Chick_Call</soundWounded>
					<soundDeath>Pawn_Chick_Call</soundDeath>
					<soundCall>Pawn_Chick_Call</soundCall>
					<soundAngry>Pawn_Chick_Call</soundAngry>
        </li>
        <li>
          <def>AnimalJuvenile</def>
          <minAge>0.12</minAge>
        </li>
        <li>
          <def>AnimalAdult</def>
          <minAge>0.3</minAge>
          <soundWounded>Pawn_Chicken_Wounded</soundWounded>
          <soundDeath>Pawn_Chicken_Death</soundDeath>
          <soundCall>Pawn_Chicken_Call</soundCall>
          <soundAngry>Pawn_Chicken_Angry</soundAngry>
        </li>
      </lifeStageAges>
      <soundMeleeHitPawn>Pawn_Melee_SmallScratch_HitPawn</soundMeleeHitPawn>
      <soundMeleeHitBuilding>Pawn_Melee_SmallScratch_HitBuilding</soundMeleeHitBuilding>
      <soundMeleeMiss>Pawn_Melee_SmallScratch_Miss</soundMeleeMiss>
    </race>
   
  </ThingDef>
  <PawnKindDef ParentName="AnimalKindBase">
    <defName>Chickenwolf</defName>
    <label>chickenwolf</label>
    <race>Chickenwolf</race>
    <combatPower>30</combatPower>
    <canArriveManhunter>false</canArriveManhunter>
    <wildSpawn_spawnWild>false</wildSpawn_spawnWild>
    <labelMale>chickenwolf rooster</labelMale>
    <labelFemale>chickenwolf hen</labelFemale>
    <lifeStages>
      <li>
        <label>chickenwolf chick</label>
        <bodyGraphicData>
          <texPath>Things/Pawn/Animal/Chicken/Chickenwolf/Chickenwolf</texPath>
          <drawSize>0.45</drawSize>
          <color>(223,219,108)</color>
        </bodyGraphicData>
        <dessicatedBodyGraphicData>
          <texPath>Things/Pawn/Animal/Dessicated/CritterDessicatedSmall</texPath>
          <drawSize>0.45</drawSize>
        </dessicatedBodyGraphicData>
      </li>
      <li>
        <labelMale>cockerel</labelMale>
        <bodyGraphicData>
          <texPath>Things/Pawn/Animal/Chicken/Chickenwolf/Chickenwolf</texPath>
          <drawSize>0.75</drawSize>
          <color>(200,150,85)</color>
        </bodyGraphicData>
        <femaleGraphicData>
          <texPath>Things/Pawn/Animal/Chicken/Chickenwolf/Chickenwolf</texPath>
          <drawSize>0.73</drawSize>
        </femaleGraphicData>
        <dessicatedBodyGraphicData>
          <texPath>Things/Pawn/Animal/Dessicated/CritterDessicatedSmall</texPath>
          <drawSize>0.7</drawSize>
        </dessicatedBodyGraphicData>
      </li>
      <li>
        <bodyGraphicData>
          <texPath>Things/Pawn/Animal/Chicken/Chickenwolf/Chickenwolf</texPath>
          <drawSize>0.87</drawSize>
          <color>(200,150,85)</color>
          <shadowData>
            <volume>(0.3, 0.4, 0.3)</volume>
            <offset>(0,0,-0.05)</offset>
          </shadowData>
        </bodyGraphicData>
        <femaleGraphicData>
          <texPath>Things/Pawn/Animal/Chicken/Chickenwolf/Chickenwolf</texPath>
          <drawSize>0.85</drawSize>
        </femaleGraphicData>
        <dessicatedBodyGraphicData>
          <texPath>Things/Pawn/Animal/Dessicated/CritterDessicatedSmall</texPath>
          <drawSize>0.85</drawSize>
        </dessicatedBodyGraphicData>
      </li>
    </lifeStages>
  </PawnKindDef>
  
</Defs>