﻿<?xml version="1.0" encoding="utf-8" ?>
<Defs>



<ThingDef ParentName="ResourceBase">
    <defName>EmptyIncubator</defName>
    <label>empty incubator</label>
    <description>This animal incubator is empty. Use the Gene Pod and different genetic material vials to fill it.</description>
    <graphicData>
      <texPath>Things/Item/IncubatorCanister</texPath>
      <graphicClass>Graphic_Single</graphicClass>
    </graphicData>
    <soundInteract>Standard_Drop</soundInteract>
    <soundDrop>Standard_Drop</soundDrop>
    <stackLimit>1</stackLimit>
    <statBases>
      <MaxHitPoints>60</MaxHitPoints>
      <MarketValue>7</MarketValue>
      <Mass>2</Mass>
      <Flammability>1.0</Flammability>
	  
	</statBases>
    
    <thingCategories>
      <li>Incubators</li>
    </thingCategories>
</ThingDef>


<ThingDef Abstract="True" Name="IncubatorsBase" ParentName="ResourceBase">
    <graphicData>
      <graphicClass>Graphic_Single</graphicClass>
	  <texPath>Things/Item/IncubatorCanister</texPath>
    </graphicData>
    <statBases>
      <MaxHitPoints>60</MaxHitPoints>
      <Flammability>1.0</Flammability>
      <DeteriorationRate>1</DeteriorationRate>
	  <Mass>2</Mass>
	  <MarketValue>7.0</MarketValue>
    </statBases>
    <tickerType>Normal</tickerType>
	<thingCategories>
      <li>Incubators</li>
    </thingCategories>
	<stackLimit>1</stackLimit>
	<comps>
			
			<li Class="CompProperties_TemperatureRuinable">
				<minSafeTemperature>0</minSafeTemperature>
				<maxSafeTemperature>50</maxSafeTemperature>
				<progressPerDegreePerTick>0.00003</progressPerDegreePerTick>
			</li>
	</comps>
</ThingDef>

<ThingDef Abstract="True" Name="IncubatorsBaseTier2" ParentName="IncubatorsBase">
    <graphicData>
	  <texPath>Things/Item/IncubatorCanisterTier2</texPath>
    </graphicData>
</ThingDef>

<!-- Items handling Bear / Boomalope hybrids -->
<ThingDef ParentName="IncubatorsBase">
    <defName>BearBoomalopePre</defName>
    <label>boomalope / bear incubator</label>
    <description>This description shouldn't have time to appear ingame</description>
    <comps>
      <li Class="NewHatcher.CompProperties_HatcherRandomizer">
        
        <hatcherItem>BearalopeIncubator</hatcherItem>
		<hatcherItemTwo>BoomabearIncubator</hatcherItemTwo>
      </li>
    </comps>
</ThingDef>
 
<ThingDef ParentName="IncubatorsBase">
    <defName>BearalopeIncubator</defName>
    <label>boomalope / bear incubator</label>
    <description>This incubator has to be kept at a temperature between 0 and 50 degrees Celsius until the genetically modified organism is ready to hatch. The embryo may develop into a Boomalope / Bear or Bear / Boomalope hybrid</description>
    <comps>
      <li Class="NewHatcher.CompProperties_Incubator">
        <hatcherDaysToHatch>1</hatcherDaysToHatch>
        <hatcherPawn>Bearalope</hatcherPawn>
      </li>
    </comps>
</ThingDef>
  
<ThingDef ParentName="IncubatorsBase">
    <defName>BoomabearIncubator</defName>
    <label>boomalope / bear incubator</label>
    <description>This incubator has to be kept at a temperature between 0 and 50 degrees Celsius until the genetically modified organism is ready to hatch. The embryo may develop into a Boomalope / Bear or Bear / Boomalope hybrid</description>
    <comps>
      <li Class="NewHatcher.CompProperties_Incubator">
        <hatcherDaysToHatch>1</hatcherDaysToHatch>
        <hatcherPawn>Boomabear</hatcherPawn>
      </li>
    </comps>
</ThingDef>

<!-- Items handling Bear / Chicken hybrids -->
<ThingDef ParentName="IncubatorsBase">
    <defName>BearChickenPre</defName>
    <label>chicken / bear incubator</label>
    <description>This description shouldn't have time to appear ingame</description>
    <comps>
      <li Class="NewHatcher.CompProperties_HatcherRandomizer">
        
        <hatcherItem>ChickenBearIncubator</hatcherItem>
		<hatcherItemTwo>BearChickenIncubator</hatcherItemTwo>
      </li>
    </comps>
</ThingDef>
 
<ThingDef ParentName="IncubatorsBase">
    <defName>ChickenBearIncubator</defName>
    <label>chicken / bear incubator</label>
    <description>This incubator has to be kept at a temperature between 0 and 50 degrees Celsius until the genetically modified organism is ready to hatch. The embryo may develop into a Chicken / Bear or Bear / Chicken hybrid</description>
    <comps>
      <li Class="NewHatcher.CompProperties_Incubator">
        <hatcherDaysToHatch>1</hatcherDaysToHatch>
        <hatcherPawn>Chickenbear</hatcherPawn>
      </li>
    </comps>
</ThingDef>
  
<ThingDef ParentName="IncubatorsBase">
    <defName>BearChickenIncubator</defName>
    <label>chicken / bear incubator</label>
    <description>This incubator has to be kept at a temperature between 0 and 50 degrees Celsius until the genetically modified organism is ready to hatch. The embryo may develop into a Chicken / Bear or Bear / Chicken hybrid</description>
    <comps>
      <li Class="NewHatcher.CompProperties_Incubator">
        <hatcherDaysToHatch>1</hatcherDaysToHatch>
        <hatcherPawn>BearchickenKind</hatcherPawn>
      </li>
    </comps>
</ThingDef>

<!-- Items handling Bear / Muffalo hybrids -->
<ThingDef ParentName="IncubatorsBase">
    <defName>BearMuffaloPre</defName>
    <label>muffalo / bear incubator</label>
    <description>This description shouldn't have time to appear ingame</description>
    <comps>
      <li Class="NewHatcher.CompProperties_HatcherRandomizer">
        
        <hatcherItem>BearMuffaloIncubator</hatcherItem>
		<hatcherItemTwo>MuffaloBearIncubator</hatcherItemTwo>
      </li>
    </comps>
</ThingDef>
 
<ThingDef ParentName="IncubatorsBase">
    <defName>BearMuffaloIncubator</defName>
    <label>muffalo / bear incubator</label>
    <description>This incubator has to be kept at a temperature between 0 and 50 degrees Celsius until the genetically modified organism is ready to hatch. The embryo may develop into a Muffalo / Bear or Bear / Muffalo hybrid</description>
    <comps>
      <li Class="NewHatcher.CompProperties_Incubator">
        <hatcherDaysToHatch>1</hatcherDaysToHatch>
        <hatcherPawn>Bearffalo</hatcherPawn>
      </li>
    </comps>
</ThingDef>
  
<ThingDef ParentName="IncubatorsBase">
    <defName>MuffaloBearIncubator</defName>
    <label>muffalo / bear incubator</label>
    <description>This incubator has to be kept at a temperature between 0 and 50 degrees Celsius until the genetically modified organism is ready to hatch. The embryo may develop into a Muffalo / Bear or Bear / Muffalo hybrid</description>
    <comps>
      <li Class="NewHatcher.CompProperties_Incubator">
        <hatcherDaysToHatch>1</hatcherDaysToHatch>
        <hatcherPawn>Muffalobear</hatcherPawn>
      </li>
    </comps>
</ThingDef>

<!-- Items handling Bear / Wolf hybrids -->
<ThingDef ParentName="IncubatorsBase">
    <defName>BearWolfPre</defName>
    <label>wolf / bear incubator</label>
    <description>This description shouldn't have time to appear ingame</description>
    <comps>
      <li Class="NewHatcher.CompProperties_HatcherRandomizer">
        
        <hatcherItem>BearWolfIncubator</hatcherItem>
		<hatcherItemTwo>WolfBearIncubator</hatcherItemTwo>
      </li>
    </comps>
</ThingDef>
 
<ThingDef ParentName="IncubatorsBase">
    <defName>BearWolfIncubator</defName>
    <label>wolf / bear incubator</label>
    <description>This incubator has to be kept at a temperature between 0 and 50 degrees Celsius until the genetically modified organism is ready to hatch. The embryo may develop into a Wolf / Bear or Bear / Wolf hybrid</description>
    <comps>
      <li Class="NewHatcher.CompProperties_Incubator">
        <hatcherDaysToHatch>1</hatcherDaysToHatch>
        <hatcherPawn>Bearwolf</hatcherPawn>
      </li>
    </comps>
</ThingDef>
  
<ThingDef ParentName="IncubatorsBase">
    <defName>WolfBearIncubator</defName>
    <label>wolf / bear incubator</label>
    <description>This incubator has to be kept at a temperature between 0 and 50 degrees Celsius until the genetically modified organism is ready to hatch. The embryo may develop into a Wolf / Bear or Bear / Wolf hybrid</description>
    <comps>
      <li Class="NewHatcher.CompProperties_Incubator">
        <hatcherDaysToHatch>1</hatcherDaysToHatch>
        <hatcherPawn>Wolfbear</hatcherPawn>
      </li>
    </comps>
</ThingDef>

<!-- Items handling Boomalope / Chicken hybrids -->
<ThingDef ParentName="IncubatorsBase">
    <defName>BoomalopeChickenPre</defName>
    <label>boomalope / chicken incubator</label>
    <description>This description shouldn't have time to appear ingame</description>
    <comps>
      <li Class="NewHatcher.CompProperties_HatcherRandomizer">
        
        <hatcherItem>BoomalopeChickenIncubator</hatcherItem>
		<hatcherItemTwo>ChickenBoomalopeIncubator</hatcherItemTwo>
      </li>
    </comps>
</ThingDef>
 
<ThingDef ParentName="IncubatorsBase">
    <defName>BoomalopeChickenIncubator</defName>
    <label>boomalope / chicken incubator</label>
    <description>This incubator has to be kept at a temperature between 0 and 50 degrees Celsius until the genetically modified organism is ready to hatch. The embryo may develop into a Chicken / Boomalope or Boomalope / Chicken hybrid</description>
    <comps>
      <li Class="NewHatcher.CompProperties_Incubator">
        <hatcherDaysToHatch>1</hatcherDaysToHatch>
        <hatcherPawn>Boomachicken</hatcherPawn>
      </li>
    </comps>
</ThingDef>
  
<ThingDef ParentName="IncubatorsBase">
    <defName>ChickenBoomalopeIncubator</defName>
    <label>boomalope / chicken incubator</label>
    <description>This incubator has to be kept at a temperature between 0 and 50 degrees Celsius until the genetically modified organism is ready to hatch. The embryo may develop into a Chicken / Boomalope or Boomalope / Chicken hybrid</description>
    <comps>
      <li Class="NewHatcher.CompProperties_Incubator">
        <hatcherDaysToHatch>1</hatcherDaysToHatch>
        <hatcherPawn>Chickenlope</hatcherPawn>
      </li>
    </comps>
</ThingDef>

<!-- Items handling Boomalope / Muffalo hybrids -->
<ThingDef ParentName="IncubatorsBase">
    <defName>BoomalopeMuffaloPre</defName>
    <label>boomalope / muffalo incubator</label>
    <description>This description shouldn't have time to appear ingame</description>
    <comps>
      <li Class="NewHatcher.CompProperties_HatcherRandomizer">
        
        <hatcherItem>BoomalopeMuffaloIncubator</hatcherItem>
		<hatcherItemTwo>MuffaloBoomalopeIncubator</hatcherItemTwo>
      </li>
    </comps>
</ThingDef>
 
<ThingDef ParentName="IncubatorsBase">
    <defName>BoomalopeMuffaloIncubator</defName>
    <label>boomalope / muffalo incubator</label>
    <description>This incubator has to be kept at a temperature between 0 and 50 degrees Celsius until the genetically modified organism is ready to hatch. The embryo may develop into a Muffalo / Boomalope or Boomalope / Muffalo hybrid</description>
    <comps>
      <li Class="NewHatcher.CompProperties_Incubator">
        <hatcherDaysToHatch>1</hatcherDaysToHatch>
        <hatcherPawn>Boomffalo</hatcherPawn>
      </li>
    </comps>
</ThingDef>
  
<ThingDef ParentName="IncubatorsBase">
    <defName>MuffaloBoomalopeIncubator</defName>
    <label>boomalope / muffalo incubator</label>
    <description>This incubator has to be kept at a temperature between 0 and 50 degrees Celsius until the genetically modified organism is ready to hatch. The embryo may develop into a Muffalo / Boomalope or Boomalope / Muffalo hybrid</description>
    <comps>
      <li Class="NewHatcher.CompProperties_Incubator">
        <hatcherDaysToHatch>1</hatcherDaysToHatch>
        <hatcherPawn>Muffalope</hatcherPawn>
      </li>
    </comps>
</ThingDef>

<!-- Items handling Boomalope / Wolf hybrids -->
<ThingDef ParentName="IncubatorsBase">
    <defName>BoomalopeWolfPre</defName>
    <label>boomalope / wolf incubator</label>
    <description>This description shouldn't have time to appear ingame</description>
    <comps>
      <li Class="NewHatcher.CompProperties_HatcherRandomizer">
        
        <hatcherItem>BoomalopeWolfIncubator</hatcherItem>
		<hatcherItemTwo>WolfBoomalopeIncubator</hatcherItemTwo>
      </li>
    </comps>
</ThingDef>
 
<ThingDef ParentName="IncubatorsBase">
    <defName>BoomalopeWolfIncubator</defName>
    <label>boomalope / wolf incubator</label>
    <description>This incubator has to be kept at a temperature between 0 and 50 degrees Celsius until the genetically modified organism is ready to hatch. The embryo may develop into a Wolf / Boomalope or Boomalope / Wolf hybrid</description>
    <comps>
      <li Class="NewHatcher.CompProperties_Incubator">
        <hatcherDaysToHatch>1</hatcherDaysToHatch>
        <hatcherPawn>Boomwolf</hatcherPawn>
      </li>
    </comps>
</ThingDef>
  
<ThingDef ParentName="IncubatorsBase">
    <defName>WolfBoomalopeIncubator</defName>
    <label>boomalope / wolf incubator</label>
    <description>This incubator has to be kept at a temperature between 0 and 50 degrees Celsius until the genetically modified organism is ready to hatch. The embryo may develop into a Wolf / Boomalope or Boomalope / Wolf hybrid</description>
    <comps>
      <li Class="NewHatcher.CompProperties_Incubator">
        <hatcherDaysToHatch>1</hatcherDaysToHatch>
        <hatcherPawn>Wolfalope</hatcherPawn>
      </li>
    </comps>
</ThingDef>

<!-- Items handling Chicken / Muffalo hybrids -->
<ThingDef ParentName="IncubatorsBase">
    <defName>ChickenMuffaloPre</defName>
    <label>chicken / muffalo incubator</label>
    <description>This description shouldn't have time to appear ingame</description>
    <comps>
      <li Class="NewHatcher.CompProperties_HatcherRandomizer">
        
        <hatcherItem>ChickenMuffaloIncubator</hatcherItem>
		<hatcherItemTwo>MuffaloChickenIncubator</hatcherItemTwo>
      </li>
    </comps>
</ThingDef>
 
<ThingDef ParentName="IncubatorsBase">
    <defName>ChickenMuffaloIncubator</defName>
    <label>chicken / muffalo incubator</label>
    <description>This incubator has to be kept at a temperature between 0 and 50 degrees Celsius until the genetically modified organism is ready to hatch. The embryo may develop into a Chicken / Muffalo or Muffalo / Chicken hybrid</description>
    <comps>
      <li Class="NewHatcher.CompProperties_Incubator">
        <hatcherDaysToHatch>1</hatcherDaysToHatch>
        <hatcherPawn>Chickenffalo</hatcherPawn>
      </li>
    </comps>
</ThingDef>
  
<ThingDef ParentName="IncubatorsBase">
    <defName>MuffaloChickenIncubator</defName>
    <label>chicken / muffalo incubator</label>
    <description>This incubator has to be kept at a temperature between 0 and 50 degrees Celsius until the genetically modified organism is ready to hatch. The embryo may develop into a Chicken / Muffalo or Muffalo / Chicken hybrid</description>
    <comps>
      <li Class="NewHatcher.CompProperties_Incubator">
        <hatcherDaysToHatch>1</hatcherDaysToHatch>
        <hatcherPawn>Muffalochicken</hatcherPawn>
      </li>
    </comps>
</ThingDef>

<!-- Items handling Chicken / Wolf hybrids -->
<ThingDef ParentName="IncubatorsBase">
    <defName>ChickenWolfPre</defName>
    <label>chicken / wolf incubator</label>
    <description>This description shouldn't have time to appear ingame</description>
    <comps>
      <li Class="NewHatcher.CompProperties_HatcherRandomizer">
        
        <hatcherItem>ChickenWolfIncubator</hatcherItem>
		<hatcherItemTwo>WolfChickenIncubator</hatcherItemTwo>
      </li>
    </comps>
</ThingDef>
 
<ThingDef ParentName="IncubatorsBase">
    <defName>ChickenWolfIncubator</defName>
    <label>chicken / wolf incubator</label>
    <description>This incubator has to be kept at a temperature between 0 and 50 degrees Celsius until the genetically modified organism is ready to hatch. The embryo may develop into a Chicken / Wolf or Wolf / Chicken hybrid</description>
    <comps>
      <li Class="NewHatcher.CompProperties_Incubator">
        <hatcherDaysToHatch>1</hatcherDaysToHatch>
        <hatcherPawn>Chickenwolf</hatcherPawn>
      </li>
    </comps>
</ThingDef>
  
<ThingDef ParentName="IncubatorsBase">
    <defName>WolfChickenIncubator</defName>
    <label>chicken / wolf incubator</label>
    <description>This incubator has to be kept at a temperature between 0 and 50 degrees Celsius until the genetically modified organism is ready to hatch. The embryo may develop into a Chicken / Wolf or Wolf / Chicken hybrid</description>
    <comps>
      <li Class="NewHatcher.CompProperties_Incubator">
        <hatcherDaysToHatch>1</hatcherDaysToHatch>
        <hatcherPawn>Wolfchicken</hatcherPawn>
      </li>
    </comps>
</ThingDef>

<!-- Items handling Muffalo / Wolf hybrids -->
<ThingDef ParentName="IncubatorsBase">
    <defName>MuffaloWolfPre</defName>
    <label>muffalo / wolf incubator</label>
    <description>This description shouldn't have time to appear ingame</description>
    <comps>
      <li Class="NewHatcher.CompProperties_HatcherRandomizer">
        
        <hatcherItem>MuffaloWolfIncubator</hatcherItem>
		<hatcherItemTwo>WolfMuffaloIncubator</hatcherItemTwo>
      </li>
    </comps>
</ThingDef>
 
<ThingDef ParentName="IncubatorsBase">
    <defName>MuffaloWolfIncubator</defName>
    <label>muffalo / wolf incubator</label>
    <description>This incubator has to be kept at a temperature between 0 and 50 degrees Celsius until the genetically modified organism is ready to hatch. The embryo may develop into a Muffalo / Wolf or Wolf / Muffalo hybrid</description>
    <comps>
      <li Class="NewHatcher.CompProperties_Incubator">
        <hatcherDaysToHatch>1</hatcherDaysToHatch>
        <hatcherPawn>Muffalowolf</hatcherPawn>
      </li>
    </comps>
</ThingDef>
  
<ThingDef ParentName="IncubatorsBase">
    <defName>WolfMuffaloIncubator</defName>
    <label>muffalo / wolf incubator</label>
    <description>This incubator has to be kept at a temperature between 0 and 50 degrees Celsius until the genetically modified organism is ready to hatch. The embryo may develop into a Muffalo / Wolf or Wolf / Muffalo hybrid</description>
    <comps>
      <li Class="NewHatcher.CompProperties_Incubator">
        <hatcherDaysToHatch>1</hatcherDaysToHatch>
        <hatcherPawn>Wolffalo</hatcherPawn>
      </li>
    </comps>
</ThingDef>

<!-- Items handling Thrumbo hybrids -->

 
<ThingDef ParentName="IncubatorsBaseTier2">
    <defName>ThrumbearIncubator</defName>
    <label>thrumbo / bear incubator</label>
    <description>This incubator has to be kept at a temperature between 0 and 50 degrees Celsius until the genetically modified organism is ready to hatch.</description>
	<comps>
      <li Class="NewHatcher.CompProperties_Incubator">
        <hatcherDaysToHatch>1</hatcherDaysToHatch>
        <hatcherPawn>Thrumbear</hatcherPawn>
      </li>
    </comps>
</ThingDef>
  
<ThingDef ParentName="IncubatorsBaseTier2">
    <defName>ThrumffaloIncubator</defName>
    <label>thrumbo / muffalo incubator</label>
    <description>This incubator has to be kept at a temperature between 0 and 50 degrees Celsius until the genetically modified organism is ready to hatch.</description>
    <comps>
      <li Class="NewHatcher.CompProperties_Incubator">
        <hatcherDaysToHatch>1</hatcherDaysToHatch>
        <hatcherPawn>Thrumffalo</hatcherPawn>
      </li>
    </comps>
</ThingDef>

<ThingDef ParentName="IncubatorsBaseTier2">
    <defName>ThrumbalopeIncubator</defName>
    <label>thrumbo / boomalope incubator</label>
    <description>This incubator has to be kept at a temperature between 0 and 50 degrees Celsius until the genetically modified organism is ready to hatch.</description>
	<comps>
      <li Class="NewHatcher.CompProperties_Incubator">
        <hatcherDaysToHatch>1</hatcherDaysToHatch>
        <hatcherPawn>Thrumbalope</hatcherPawn>
      </li>
    </comps>
</ThingDef>
  
<ThingDef ParentName="IncubatorsBaseTier2">
    <defName>ThrumbochickenIncubator</defName>
    <label>thrumbo / chicken incubator</label>
    <description>This incubator has to be kept at a temperature between 0 and 50 degrees Celsius until the genetically modified organism is ready to hatch.</description>
    <comps>
      <li Class="NewHatcher.CompProperties_Incubator">
        <hatcherDaysToHatch>1</hatcherDaysToHatch>
        <hatcherPawn>Thrumbochicken</hatcherPawn>
      </li>
    </comps>
</ThingDef>

<ThingDef ParentName="IncubatorsBaseTier2">
    <defName>ThrumwolfIncubator</defName>
    <label>thrumbo / wolf incubator</label>
    <description>This incubator has to be kept at a temperature between 0 and 50 degrees Celsius until the genetically modified organism is ready to hatch.</description>
    <comps>
      <li Class="NewHatcher.CompProperties_Incubator">
        <hatcherDaysToHatch>1</hatcherDaysToHatch>
        <hatcherPawn>Thrumwolf</hatcherPawn>
      </li>
    </comps>
</ThingDef>


</Defs>